Threshold,Accuracy,Precision,Recall,F1 Score,ROC-AUC
0.5,0.6653662601318082,0.314771038768067,0.6,0.4129178018472988,0.6964659892157542
0.4,0.5305784915284195,0.26732737122710465,0.8004505954296749,0.4007993424763501,0.6964659892157542
0.3,0.3459586394970078,0.22350465793526156,0.9436112005149662,0.36140627696555805,0.6964659892157542
0.2,0.21052698027927177,0.19878992975439677,0.9982619890569682,0.33155526099180094,0.6964659892157542
0.1,0.19613413125268286,0.19613413125268286,1.0,0.327946717894048,0.6964659892157542
